{
  "revenue": 56.30680256175717,
  "conversions": -52.36820979395237,
  "roas": -21.128416164776972,
  "cpc": 151.5972930222748
}