{
  "revenue": {
    "value": 338633.29000000004,
    "change": 79.84601786981709
  },
  "conversions": {
    "value": 104748,
    "change": -54.141967795882984
  },
  "roas": {
    "value": 1.6175077159822326,
    "change": 66.25692709060529
  },
  "cpc": {
    "value": 7.439728795085934,
    "change": 415.15908608071254
  }
}